{
    // Use IntelliSense to learn about possible attributes.
    // Hover to view descriptions of existing attributes.
    // For more information, visit: https://go.microsoft.com/fwlink/?linkid=830387
    "version": "0.2.0",
    "configurations": [
        {
            "name": "(lldb) Launch",
            "type": "lldb",//"cppdbg",
            "request": "launch",
  //          "preLaunchTask": "Build C++",
            "program": "${fileDirname}/${fileBasenameNoExtension}",
            "args": [],
          //  "stopAtEntry": true,
            "cwd": "${fileDirname}",
         //   "environment": [],
         //   "externalConsole": true,
         //   "MIMode": "lldb",
        },
        
    ],
}